年カテゴリ,年代,タイトル,説明,緯度,経度,画像
-3300,3300bc,中国文明,長江下流に稲作中心の良渚文化が成立、黄河文明、長江文明を合わせて中国文明としている。,30.4126,120.2854,none
-3000,3000bc,シュメール文明,シュメール人、都市国家を建設、ウル／ウルクなどでシュメール文化が成立。,30.9641,46.1042,none
-3000,3000bc,古代エジプトの起り,ノモスが統合され、エジプト文明の形成。,30.0444,31.2357,none
-3000,3000bc,竜山文化,竜山文化　→　黒陶・灰陶,36.6222,117.0206,none
-3000,前3000年紀,エーゲ文明興る,この間、ギリシア人が南下する、エーゲ海域にエーゲ文明興る。,37.9908,23.7184,none
-2700,2650bc,古王国時代,エジプト古王国の時代となる、都メンフィス。,29.8712,31.2056,none
-2500,2530bc,ピラミッド造営,古王国のファラオ、クフ王らがピラミッドを造営。,29.9792,31.1342,none
-2000,2500～1500bc,インダス文明誕生,インダス川流域にインダス文明生まれる。,27.7213,68.8268,none
-2300,2300bc,インダス都市栄える,インダス文明、モエンジョ＝ダーロ、ハラッパーなどに都市文明栄える。,27.3283,68.1376,none
-2300,2300bc,サルゴン統一,アッカド人のサルゴン１世、メソポタミアを統一。,33.3128,44.3615,none
-2100,2100bc,ウル第３王朝,ウル第３王朝、シュメール法典が作られる。,30.9641,46.1042,none
-2000,2040bc,中王国都テーベ,エジプト中王国、都をテーベに遷す。,25.6872,32.6396,none
-2000,2000bc,ミノア文明誕生,クレタ島にミノア文明生まれる、クノッソス遺跡、エヴァンズが発掘。,35.2987,25.1596,none
-2000,2000bc,二里頭文化,中国の二里頭文化。,34.5339,112.32,none
-1900,1900bc,バビロン建国,アムル人、バビロン第一王朝を築く、都バビロン。,32.5364,44.4207,none
-1800,1800bc,インダス衰退,インダス文明の衰退始まる。,27.7213,68.8268,none
-1800,1800bc,アカイア人南下,ギリシア人の一派、アカイア人などが南下。,37.9908,23.7184,none
-1800,1792bc,ハンムラビ法典,ハンムラビ王即位、在位中にハンムラビ法典を整備。,32.5364,44.4207,none
-1700,1680bc,ヒッタイト建国,ヒッタイト、アナトリアに建国、鉄器を使用。,39.9208,32.8541,none
-1700,1650bc,ヒクソス侵入,エジプトに侵入したヒクソス、第１５王朝を建てる。,30.0444,31.2357,none
-1600,1600bc,ミケーネ文明,ギリシア本土にミケーネ文明興る、ミケーネ遺跡、シュリーマンが発掘、ミケーネ、ティリンス、ピュロスなどの都市が生まれる。,37.7244,22.7548,none
-1600,前16世紀,線文字B使用,ギリシアで線文字Ｂが使用され始める（前12世紀まで）、ヴェントリスが解読。,37.9908,23.7184,none
-1600,1595bc,ヒッタイト滅亡,ヒッタイトがバビロン第一王朝を滅ぼす。,32.5364,44.4207,none
-1600,前16世紀中,殷の興起,殷（商）興る、甲骨文字、青銅器の使用。,34.2748,117.1943,none
-1600,1550bc,カッシート王国,カッシート、メソポタミア南部に王国建設。,32.5364,44.4207,none
-1600,1542bc,新王国ヒクソス撃退,エジプト新王国、ヒクソスを撃退。,30.0444,31.2357,none
-1500,1500bc,ヴェーダ時代開始,アーリヤ人がカイバル峠を越えてパンジャーブに移動、先住民ドラヴィダ人を圧迫、ヴェーダ時代（『リグ＝ヴェーダ』で伝えられる時代）が始まる（～前600年頃まで）。,31.5497,74.3436,none
-1500,1486bc,トトメス３世遠征,エジプト新王国のトトメス３世、領土を西アジアに広げる。,30.0444,31.2357,none
-1400,1440bc,ミタンニ栄える,ミタンニ、メソポタミア北部で栄える。,36.3379,37.1212,none
-1400,1400bc,殷墟都とする,殷、殷墟を都とする。,35.0836,114.3765,none
-1400,1364bc,アマルナ革命,アメンホテプ４世、テル＝エル＝アマルナに遷都、アマルナ革命。,27.6469,30.8986,none
-1400,1346bc,ツタンカーメン即位,ツタンカーメン王が即位。,27.1764,31.1837,none
-1300,前13世紀,出エジプト,ヘブライ人（ユダヤ人）、モーセに率いられて出エジプトか。,29.5875,34.9338,none
-1300,前13世紀,トロイア戦争,トロイア戦争、トロイア遺跡。,39.9574,26.2384,none
-1300,1286bc,カデシュの戦い,エジプト新王国ラメセス２世、ヒッタイトとカデシュの戦い、最古の講和条約が成立。,34.5542,36.4922,none
-1200,1200bc,ガンジス進出,アーリヤ人がガンジス川流域に進出、都市国家を建設。,25.3176,82.9739,none
-1200,1200bc,アラム人定住,アラム人、シリアに定住、ダマスクス建設、アラム文字を使用。,33.5138,36.2765,none
-1200,1200bc,フェニキア都市建設,フェニキア人、シドン・ティルスなどの都市を建設。,33.5608,35.3756,none
-1200,1200bc,海の民侵攻,海の民、ギリシアに侵攻、エーゲ文明衰える。,37.9908,23.7184,none
-1200,1200bc,ヒッタイト滅亡,ヒッタイト、海の民の侵入によってこの頃滅亡。,39.9208,32.8541,none
-1200,1200bc,オルメカ文明誕生,北米大陸、メキシコ湾岸にオルメカ文明成立。,18.1212,-94.4212,none
-1000,1200-800bc,ギリシア暗黒時代,ギリシアの暗黒時代　→　鉄器の使用広がる。,37.9908,23.7184,none
-1200,前12世紀,カナーン人,ペリシテ人、パレスチナに入る　→　カナーン人。,31.7683,35.2137,none
-1200,1155bc,エラム人侵攻,イランのエラム人、カッシート王国を滅ぼす。,32.6806,48.8766,none
-1100,1100bc,ドーリア人定住,この頃までにドーリア人がギリシアに南下し定住。,37.9908,23.7184,none
-1100,1069bc,新王国滅亡,海の民の侵入によりエジプト新王国滅びる　→　エジプト末期王朝。,30.0444,31.2357,none
-1100,前11世紀,アルファベット実用化,この頃、フェニキア人、アルファベットを実用化する。,33.5608,35.3756,none
-1000,1024bc,殷滅び封建制,周、殷を倒す、易姓革命、都鎬京　→　封建制を採る。,34.2597,108.947,none
-1000,1003bc,ダヴィデ即位,ヘブライ王国、ダヴィデ王が即位。,31.7683,35.2137,none
-1000,1000bc,ガンジス都市建設,アーリア人、ガンジス川流域に進出。,25.3176,82.9739,none
-1000,1000bc,チャビン文化誕生,南米大陸アンデス山地にチャビン文化興る、アンデス文明の始まり。,-9.0596,-77.6421,none
-1000,997bc,ヘブライ都建設,ヘブライ王国、都イェルサレムを建設。,31.7683,35.2137,none
-1000,960bc,ソロモン王即位,ヘブライ王国、ソロモン王が王位を継承し栄華を極めたという。,31.7683,35.2137,none
-1000,922bc,イスラエル分裂,この頃、ヘブライ王国、イスラエル王国とユダ王国が分かれる。,31.7683,35.2137,none
-1000,900BC,アッシリア戦車活躍,メソポタミア北部でアッシリアが有力になる。戦車を使用。,36.3379,37.1212,none
-900,814BC,カルタゴ建設,フェニキア人の都市国家ティルスがカルタゴを建設。,36.834,10.24,none
-900,800BC,ヴァルナ制成立,インドでヴァルナ制が成立。→カースト制度。,20.5937,78.9629,none
-900,800BC,バラモン教深化,インドでバラモン教が深化。,20.5937,78.9629,none
-900,800BC,ポリス形成進む,ギリシアでポリスの形成進む。シノイキスモス進む。,37.9908,23.7184,none
-900,800BC,アテネ建設,イオニア人が都市国家アテネを建設。,37.9908,23.7184,none
-900,800BC,ホメロス叙事詩,ホメロスの『イリアス』・『オデュッセイア』が成立。,37.9908,23.7184,none
-800,776BC,古代五輪開催,最初の古代オリンピック開催。,37.6374,21.6265,none
-800,770BC,周東遷し春秋時代,この頃、周の東遷。洛邑に遷都（これ以降を東周）。春秋時代が始まる。,34.677,112.4688,none
-800,753BC,ローマ建国伝説,ロムルスによるローマの建国（伝承）。イタリア人・ラテン人。,41.9028,12.4964,none
-800,733BC,シラクサ建設,シチリア島にギリシア人殖民市シラクサ建設。,37.0852,15.2736,none
-800,732BC,ティグラト遠征,アッシリア帝国、ティグラト＝ピラセル３世、シリア・パレスティナに進出。,33.5138,36.2765,none
-800,729BC,アッシリア統一,アッシリア帝国、バビロンを征服し、メソポタミアを統一。,32.5364,44.4207,none
-800,722BC,『春秋』始まる,『春秋』 の記述、この年から始まる。,34.677,112.4688,none
-800,722BC,イスラエル滅亡,イスラエル王国、アッシリアに滅ぼされる。,31.7683,35.2137,none
-700,700BC,ヘシオドス著作,この頃、ヘシオドス、『労働と日々』などを著作。,37.9908,23.7184,none
-700,700BC,ギリシア植民活動,この頃、ギリシア人、植民活動盛んに行い、アルファベットの使用広がる。,37.9908,23.7184,none
-700,650BC,スパルタ軍国制,スパルタでリュクルゴスの制が形成され軍国主義がとられる。,37.0735,22.4298,none
-700,683BC,アテネ貴族政,アテネでアルコンの任期が一年となり貴族政（共和政）となる。,37.9908,23.7184,none
-700,679BC,斉の桓公覇者,斉の桓公、尊王攘夷を唱え、覇者となる。春秋の五覇。,36.6881,118.1009,none
-700,668BC,アッシュール即位,アッシリア帝国のアッシュール＝バニパル王が即位。都ニネヴェ。,36.3605,43.1621,none
-700,668BC,ビザンティオン建設,ギリシア人、植民都市ビザンティオンを建設。,41.0082,28.9784,none
-700,663BC,アッシリア統一帝国,アッシリア帝国がエジプトを征服。オリエントを統一。世界帝国の出現。,30.0444,31.2357,none
,659BC,秦穆公勢力拡大,秦の穆公、西方に勢力を伸ばす。,34.2646,108.9542,none
-700,637BC,宋襄王敗北,宋の襄王、覇を唱えるも楚と戦って敗れる。,33.7182,114.6402,none
-700,632BC,晋文公覇者,晋の文公、覇者となる。,37.8575,112.5585,none
,632BC,キュロン失敗,アテネのキュロン、僭主となろうとして失敗。,37.9908,23.7184,none
-700,621BC,ドラコン立法,アテネでドラコンの立法。,37.9908,23.7184,none
,616BC,ローマ王政期,ローマでエトルリア人による王政が行われる。,41.9028,12.4964,none
-700,612BC,アッシリア滅亡,アッシリア帝国滅亡。メソポタミアに新バビロニア王国（都バビロン）、イラン高原にメディア王国（都エクバタナ）、小アジアにリディア王国（都サルデス）、エジプトは末期王朝。,32.5364,44.4207,none
,604BC,新バビロニア成立,新バビロニア王国、ネブカドネザル２世が即位。,32.5364,44.4207,none
,700BC,リディア貨幣使用,リディア王国で貨幣使用が始まる。,38.4735,28.0474,none
,6-3世紀BC,諸子百家活動,中国で諸子百家が盛んに活動。,,,none
,6-5世紀BC,スキタイ全盛期,スキタイの全盛期となる。,,,none
,6世紀BC,コーサラ・マガダ興起,コーサラ国・マガダ国などが北インドに興る。,20.5937,78.9629,none
-600,597BC,楚荘王中原進出,楚の荘王、中原に進出。,30.5461,114.3419,none
-600,594BC,ソロン改革開始,アテネでソロンの改革。財産政治。,37.9908,23.7184,none
-600,586BC,バビロン捕囚,ユダ王国、新バビロニアに滅ぼされる。バビロン捕囚。ユダヤ教が成立。,31.7683,35.2137,none
,585BC,自然哲学栄える,イオニア自然哲学が栄える。,37.0333,27.4306,none
,585BC,タレース日蝕予測,ミレトスのタレース、日蝕を予測。,37.0333,27.4306,none
-600,563BC-483BC,仏教興る,この頃ガウタマ＝シッダールタ（463-363BC説も有力）、仏教を興す。,27.2046,77.4977,none
-600,559BC,キュロス即位,イラン人のアケメネス朝ペルシア、キュロス２世が即位。,32.4279,53.688,none
-600,552BC,孔子誕生,孔子、魯で生まれる（-479BC）。,35.7126,117.0021,none
,550BC,メディア滅亡,キュロス２世がメディア王国を滅ぼす。,34.8006,48.5167,none
-600,550BC,貨幣鋳造開始,リディア王国で貨幣の鋳造が始まる。,38.4735,28.0474,none
,549BC-477BC,ジャイナ教誕生,ヴァルダマーナがジャイナ教を興す。,22.5726,88.3639,none
,546BC,リディア滅亡,アテネでペイシストラトス、僭主政を行う（-528BC）。アケメネス朝、リディア王国を滅ぼす。,37.9908,23.7184,none
,540BC,メロエ遷都,ナイル上流のクシュ王国、都をメロエに移す。,16.3172,36.2074,none
-600,538BC,新バビロニア滅亡,アケメネス朝、新バビロニアを滅ぼす。キュロス２世、ユダヤ人をバビロン捕囚から解放。,32.5364,44.4207,none
-600,525BC,エジプト征服,アケメネス朝ペルシアのカンビュセス２世、エジプトを征服。オリエントを統一。,30.0444,31.2357,none
,522BC,ダレイオス全盛期,アケメネス朝、ダレイオス１世が即位。全盛期となり、都ペルセポリス・スサを造営。ゾロアスター教を保護する。,29.9353,52.8913,none
-600,509BC,ローマ貴族共和政,ローマでエトルリア人の王を追放し、貴族共和政となる。コンスルが置かれる。,41.9028,12.4964,none
,508BC,クレイステネス改革,アテネでクレイステネスの改革。五百人評議会設置。オストラシズムの制度始まる。,37.9908,23.7184,none
,500BC,イオニアの反乱,ミレトスなどでイオニアの反乱が起き、ペルシア戦争始まる。,37.0333,27.4306,none
,500BC,マガダ国台頭,この頃、マガダ国が有力となる。都パータリプトラ。,25.6093,85.1238,none
,500BC,ウパニシャッド哲学,インドでこの頃までにウパニシャッド哲学がまとめられる。,20.5937,78.9629,none
,5世紀BC,枢軸時代開始,枢軸時代といわれる（ヤスパースの提唱）。,,,none
,5世紀BC,ドンソン文化栄える,ベトナム北部でドンソン文化が栄える。銅鼓。ベトナム中南部では漁猟文化であるサーフィン文化が栄える。,16.4637,107.59,none
-500,494BC,呉越戦争,呉王夫差、越王勾践を破る。ローマで聖山事件が起こる。平民会と護民官を設置。,31.6142,120.7326,none
,492BC,聖山事件発生,ペルシア帝国のダレイオス１世、ギリシア侵攻。第１回ペルシア戦争。,34.8006,48.5167,none
-500,490BC,ペルシア戦争開始,第２回ペルシア戦争。マラトンの戦いでペルシア軍敗れる。,38.1422,24.0054,none
,481BC,『春秋』終わる,『春秋』、記述この年まで。,,,none
-500,480BC,墨子誕生,この頃中国の魯国に墨子が生まれる。,35.7126,117.0021,none
,480BC,クセルクセス侵攻,ペルシア帝国のクセルクセス１世、ギリシア侵攻。第３回ペルシア戦争。,34.8006,48.5167,none
-500,480BC,テルモピュライの戦い,8月テルモピュライの戦いでスパルタ軍全滅。レオニダス戦死。,38.8003,22.5333,none
-500,480BC,サラミス海戦,9月サラミスの海戦で三段櫂船主力のアテネ海軍が勝利。テミストクレスの活躍。,37.9908,23.7184,none
,479BC,プラタイア勝利,7月第４回ペルシア戦争。プラタイアの戦いでポリス連合軍が勝利。,38.2911,23.2733,none
-500,479BC,孔子没す,孔子没す。,35.7126,117.0021,none
-500,478BC,デロス同盟結成,アテネ中心の諸ポリス、デロス同盟結成。,37.9908,23.7184,none
,473BC,越呉滅ぼす,越王勾践、呉を滅ぼす。,30.2456,120.1807,none
,453BC,晋三分裂,晋が韓・魏・趙に分裂。事実上の戦国時代の始まり。,35.6586,112.4245,none
,451BC,市民権法制定,アテネで市民権法制定される。,37.9908,23.7184,none
-500,450BC,十二表法成立,ローマで十二表法制定される。共和政の形成進む。,41.9028,12.4964,none
,449BC,カリアスの和約,アテネとペルシアの間でカリアスの和約成立。ペルシア戦争終わる。,37.9908,23.7184,none
,445BC,カヌレイウス法,ローマでカヌレイウス法が制定される。,41.9028,12.4964,none
-500,443BC,ペリクレス全盛期,アテネ、ペリクレス時代。民主政の全盛期となる。,37.9908,23.7184,none
,432BC,パルテノン再建,フェイディアス、アテネのパルテノンを再建。,37.9908,23.7184,none
-500,431BC-404BC,ペロポネソス戦争,ペロポネソス戦争始まる。ペロポネソス同盟成立。,37.9908,23.7184,none
,429BC,ペリクレス死去,ペリクレス死去。アテネでデマゴーゴスによる衆愚政治が行われる。ポリスの衰退始まる。,37.9908,23.7184,none
,425BC,衆愚政治開始,この頃歴史家ヘロドトス死去（420BCとも）。,37.9908,23.7184,none
,413BC,シラクサ遠征失敗,アテネ軍のシラクサ遠征、失敗する。,37.0704,15.2866,none
,411BC,「女の平和」初演,アテネでアリストファネスの「女の平和」初演される。,37.9908,23.7184,none
,404BC,ペロポネソス敗北,ペロポネソス戦争、アテネの敗北に終わる。ポリスの衰退始まる。,37.9908,23.7184,none
,403BC,戦国時代開始,韓・魏・趙が諸侯と認められる。戦国時代の開始。,35.6586,112.4245,none
,403BC-221BC,七雄競争,戦国の七雄、富国強兵を競う。韓・魏・趙・斉・燕・楚・秦。,35.6586,112.4245,none
,401BC,クセノフォン退却,アテネのクセノフォン、傭兵を率いてペルシアに赴くも、退却。,37.9908,23.7184,none
,400BC,トゥキディデス没,この頃歴史家トゥキディデス死去。,37.9908,23.7184,none
-400,399BC,ソクラテス死刑,ソクラテス、裁判で死刑となる。,37.9908,23.7184,none
,395BC,コリント戦争,コリントなどとスパルタとの間でコリント戦争起きる。,37.9378,22.9322,none
-400,387BC,プラトン、アカデメイア開設,プラトンがアテネにアカデメイアを開設。,37.9908,23.7184,none
,386BC,大王の和約成立,アケメネス朝ペルシアが仲介し、大王の和約が成立。,34.8006,48.5167,none
-400,372BC,孟子誕生,孟子が生まれる。,35.7126,117.0021,none
-400,371BC,テーベ覇権、エパミノンダス活躍,テーベ、スパルタを破り、ギリシアの覇権を握る。エパミノンダス活躍。,38.3269,23.7651,none
,367BC,リキニウス法制定,ローマでリキニウス・セクスティウス法制定。,41.9028,12.4964,none
,359BC,商鞅改革開始,秦の孝公、商鞅を登用。什伍の制など改革を開始。,34.7466,109.8383,none
,350BC,咸陽遷都,秦の孝公、咸陽に遷都。,34.3439,108.7052,none
,350BC,ナンダ朝成立,インドのマガダ国にナンダ朝が起こる。,25.6093,85.1238,none
,347BC,プラトン死去,プラトン死去。,37.9908,23.7184,none
,343BC-290BC,サムニウム戦争勝利,ローマ、3次にわたるサムニウム戦争でイタリア中部を制圧。,41.9028,12.4964,none
-400,338BC,カイロネイアの戦い,マケドニアのフィリッポス２世、カイロネイアの戦いでアテネ・テーベ連合軍を破る。,38.4378,23.0732,none
-400,337BC,コリントス同盟成立,マケドニアがギリシアの諸ポリスとコリントス同盟を結成。,40.6401,22.9444,none
,336BC,フィリッポス暗殺,フィリッポス２世、暗殺される。,40.6401,22.9444,none
-400,334BC 5,アレクサンドロス東方遠征,アレクサンドロス、東方遠征を開始。,40.6401,22.9444,none
-400,334BC,グラニコス河の戦い,アレクサンドロス、小アジアでグラニコス河の戦い。,39.6339,27.9235,none
,333BC,イッソスの戦い,アレクサンドロス、イッソスの戦いでペルシア軍を破る。,36.9375,36.1958,none
-400,331BC,アレクサンドリア建設,アレクサンドロス大王、エジプトにアレクサンドリアを建設。,31.2001,29.9187,none
,331BC 10,アルベラの戦い,アルベラの戦い（ガウガメラの戦い）、ペルシア帝国のダレイオス３世敗走。,36.35,43.1167,none
,330BC,ペルセポリス焼き討ち,アレクサンドロス大王、ペルセポリスを焼き討ち。,29.9342,52.8915,none
,330BC,ペルシア滅亡,ダレイオス３世殺害され、ペルシア帝国の滅亡。,35.4622,51.066,none
,327BC,インド侵入,アレクサンドロス大王のインド侵入。,30.3753,69.3451,none
,324BC,スサの集団結婚式,スサでアレクサンドロスの集団結婚式を挙行。,32.1942,48.243,none
,323BC 6/10,アレクサンドロス死去,アレクサンドロス大王、バビロンで死去。,32.5373,44.4209,none
-400,323BC-276BC,ディアドコイ戦争開始,ディアドコイ戦争始まる。ヘレニズム三国が分立。,40.6401,22.9444,none
,322BC,アリストテレス死去,アリストテレス死去。,37.9908,23.7184,none
,317BC,マウリヤ朝成立,インドのチャンドラグプタ、マウリヤ朝を興す。都パータリプトラ,25.6093,85.1238,none
,312BC,アッピア街道建設開始,ローマ、アッピア街道の建設開始。,41.9028,12.4964,none
,305BC,セレウコス撃退,セレウコス朝シリア、インドに侵入、チャンドラグプタに撃退される。,25.6093,85.1238,none
,304BC,プトレマイオス朝自立,プトレマイオス朝エジプト（都アレクサンドリア）自立する。,31.2001,29.9187,none
,301BC,イプソスの戦い終結,イプソスの戦いでディアドコイの争い終わる。,38.75,30.55,none
-300,300BC,アンティオキア建設,セレウコス朝シリア、都アンティオキアを建設。,36.2021,37.1342,none
,,『実利論』著す,マウリヤ朝の宰相カウティリヤ『実利論』を著す。,25.6093,85.1238,none
,290BC,サムニウム戦争終結,サムニウム戦争終わり、ローマが半島中部を制覇。,41.9028,12.4964,none
-300,289BC*,孟子死去、荀子誕生,孟子が死去。荀子が生まれる。,34.2167,117.1415,none
-300,287BC,ホルテンシウス法成立,ローマでホルテンシウス法が制定された。,41.9028,12.4964,none
,279BC,ピュロスの勝利,エペイロス王ピュロス、アスクルムの戦いでローマ軍を破る。（「ピュロスの勝利」）,42.4872,14.1099,none
,276BC,マケドニア建国,アンティゴノス朝マケドニア建国。,40.6401,22.9444,none
-300,272BC,ローマ半島統一,タレントゥムが降り、ローマの半島統一終わる。,40.4779,17.2297,none
-300,268BC,アショーカ即位,マウリヤ朝アショーカ王が即位。～232BC*　→　仏典結集など、仏教保護。,25.6093,85.1238,none
-300,264BC,第１回ポエニ戦争,ローマとカルタゴのポエニ戦争始まる。（第１回～241BC）,41.9028,12.4964,none
,260BC*,長平の戦い,秦と趙の長平の戦い。,37.5483,112.4599,none
,256BC*,秦、東周滅亡,秦が東周を滅ぼす（249BC説もあり）。,34.2167,108.9,none
,255BC*,バクトリア自立,バクトリアがシリアから自立。,36.7529,67.1233,none
,247BC,秦の政王即位,秦で政王が即位（後の始皇帝）。,34.2167,108.9,none
,247BC*,パルティア建国,アルサケス、パルティアを建国。都ヘカトンピュロス。中国で、安息国として知られる。,36.695,54.5749,none
,241BC,ペルガモン成立,ペルガモン王国、成立。,39.0578,27.1806,none
-300,240BC*,仏教スリランカ伝来,マウリヤ朝アショーカ王の時、スリランカに仏教が伝えられる。,7.8731,80.7718,none
-300,227BC,ローマ、シチリア属州化,ローマ、シチリアを最初の属州とする。,37.5999,14.0154,none
,221BC,始皇帝、中国統一,秦の始皇帝、中国を統一。都は咸陽。,34.3291,108.7086,none
,218BC,第２回ポエニ戦争,第２回ポエニ戦争始まる（～201BC）。カルタゴのハンニバルがイタリア半島に侵攻。,41.9028,12.4964,none
,216BC,カンネーの戦い,カンネーの戦いでカルタゴのハンニバルが勝利。,41.5012,15.1172,none
,214BC,万里の長城修築,始皇帝、万里の長城を修築。同年、南海郡などを置く。,40.4319,116.5704,none
,214BC,マケドニア戦争開始,ローマ、マケドニアに出兵。マケドニア戦争始まる（～205BC）。,40.6401,22.9444,none
,213BC,焚書・坑儒命令,始皇帝、李斯の策を入れて焚書・坑儒を命じる。儒学・儒教の弾圧。,34.3291,108.7086,none
,212BC,シラクサ攻撃,ローマ軍、シラクサを攻撃。この時アルキメデスが戦死。,37.0866,15.2843,none
,209BC 7,陳勝・呉広の乱,陳勝・呉広の乱起きる。,33.7311,112.4937,none
,209BC,楚漢戦争開始,項羽、劉邦も挙兵。,34.3416,108.9398,none
,209BC*,冒頓単于権力掌握,匈奴の冒頓単于、父を殺し権力握る。,43.8333,113.5,none
-300,206BC,秦滅亡、漢建国,秦が滅亡。項羽は楚王、劉邦は漢王となる。,34.3291,108.7086,none
,205BC 10,楚漢戦争,劉邦と項羽の楚漢戦争始まる。,34.3416,108.9398,none
,205BC,属州ヒスパニア,ローマ、イベリア半島に属州ヒスパニアを置く。,40.4168,-3.7038,none
,203BC,南越国自立,中国南部からベトナムにかけて、南越国が自立。,21.0285,105.8542,none
-300,202BC,垓下の戦い,垓下の戦いで劉邦が項羽を破る。劉邦が皇帝となり、漢の高祖。郡国制をしく。,34.3416,108.9398,none
,202BC,ザマの戦い,ザマの戦い、スキピオ指揮のローマ軍が勝利。,36.467,9.7936,none
-200,200BC 2,漢、長安に都移す,漢、都を長安に移す。,34.3416,108.9398,none
-200,200BC,冒頓単于、漢軍撃破,匈奴を率いた冒頓単于、漢の高祖の軍を破る。,43.8333,113.5,none
,200BC,バクトリア、北西インド侵入,バクトリアが北西インドに侵入。,36.7529,67.1233,none
-200,196BC,ロゼッタ石作成,エジプトでロゼッタ＝ストーン作成される。神聖文字（ヒエログリフ）,31.2001,29.9187,none
,195BC,衛満、衛氏朝鮮建国,衛満、衛氏朝鮮を建国。,39.0391,125.7625,none
-200,190BC,漢、都長安完成,漢の都長安が完成する。,34.3404,108.9402,none
,180BC,マウリヤ朝滅亡,インドのマウリヤ朝が滅亡。インドは分裂期に入る。,25.5952,91.1846,none
-200,171BC,パルティア全盛期,パルティア、ミトラダテス１世即位。全盛期となる。,38.4109,46.2947,none
-200,168BC,マケドニア滅亡,ピュドナの戦い敗れたマケドニア王国が滅亡。後にローマの属州とされる。,40.9789,22.5553,none
-200,166BC,マカベア戦争開始,ユダヤ人、セレウコス朝からの自立を求めマカベア戦争を戦う。,31.7683,35.2137,none
,155BC,バクトリア全盛期,バクトリアのメナンドロス王の許で全盛期に。,37.7852,69.2118,none
,154BC,呉楚七国の乱鎮定,呉楚七国の乱を漢が鎮定。,32.071,118.7093,none
-200,149BC,第３回ポエニ戦争,第３回ポエニ戦争（～146BC）。スキピオ（小）率いるローマ軍は、カルタゴを破壊、属州アフリカとする。コリントを征服。属州マケドニア設置。,36.8619,-4.3036,none
-200,142BC,カルタゴ破壊,パレスチナにユダヤ人国家ハスモン朝が自立。,31.9309,35.0956,none
,141BC,ユダヤ、ハスモン朝自立,漢の武帝が即位。,39.9042,116.4074,none
,140BC,武帝、即位,この年を漢で初めての年号、建元元年とする。,39.9042,116.4074,none
,139BC,張騫、大月氏派遣,漢の武帝、張騫を大月氏に派遣。この年、一説にバクトリア滅亡。,39.9042,116.4074,none
-200,136BC,五経博士設置,漢の武帝が五経博士を置く。,39.9042,116.4074,none
,135BC,シチリア奴隷反乱,シチリアの奴隷反乱（第一次）始まる。,37.0948,14.1287,none
,133BC,ペルガモン献上,ペルガモン王国、領土をローマに献上。反対派はアリストニコスの蜂起を起こすも鎮圧される。,38.9843,26.7297,none
,133BC,グラックス兄改革,ローマでグラックス兄が護民官となり、改革始まる。,41.9028,12.4964,none
,132BC,グラックス兄撲殺,グラックス兄、議場で撲殺される。,41.9028,12.4964,none
,129BC,衛青、匈奴討伐,漢の武帝、将軍衛青に匈奴討伐を命じる。,39.9042,116.4074,none
,126BC,張騫、帰国,張騫、西域から帰国。多くの情報をもたらす。,39.9042,116.4074,none
,123BC,グラックス弟改革,グラックス弟、護民官となる。,41.9028,12.4964,none
,121BC,霍去病、匈奴討伐,漢の将軍霍去病、匈奴を討つ。,39.9042,116.4074,none
,121BC,グラックス弟自殺,グラックス弟、反対派に襲撃され自殺。,41.9028,12.4964,none
,119BC,張騫、烏孫派遣,漢の武帝、張騫を烏孫に派遣。漢、塩・鉄の専売制を導入。後に酒も加えられる。漢、五銖銭を発行。,39.9042,116.4074,none
,115BC,均輸法実施,漢の武帝、桑弘羊の献策を容れ均輸法実施。,39.9042,116.4074,none
,111BC,南越滅亡,漢の武帝、南越を滅ぼしベトナム北部に日南郡など九郡を置く。,21.0285,105.8542,none
,111BC-105BC,ユグルタ戦争,ローマ、北アフリカのヌミディア王とのユグルタ戦争。,36.7383,10.0687,none
,110BC,平準法実施,漢で平準法実施。,39.9042,116.4074,none
,108BC,衛氏朝鮮滅亡,漢の武帝、衛氏朝鮮を滅ぼし、楽浪郡など四郡を置く。,39.9042,116.4074,none
,107BC,マリウス改革,マリウス、ローマの兵制改革を行い職業軍人制を導入。,41.9028,12.4964,none
,104BC,大宛遠征,漢の武帝、大宛（フェルガナ）への遠征開始。,39.9042,116.4074,none
,104BC,第２次奴隷反乱,シチリアの奴隷反乱（第二次）始まる。,37.0948,14.1287,none
,前2世紀,テオティワカン文明興る,メキシコ高原にテオティワカン文明興る。7世紀頃衰退。,19.4902,-99.2603,none
,前2世紀,ローマ内乱時代,ローマで閥族派と平民派の対立、激しくなる。,41.9028,12.4964,none
-100,前1世紀,ローマ内乱時代,ローマ、内乱の１世紀となる。無産市民のパンと見せ物の要求強まる。,41.9028,12.4964,none
-100,99BC,李陵が捕虜に,将軍李陵、匈奴に捕らえられる。,39.9042,116.4074,none
,98BC,司馬遷処罰,司馬遷、宮刑に処せられる。,34.3416,108.9402,none
-100,91BC,『史記』完成,司馬遷が『史記』を完成させる。,39.9042,116.4074,none
,91BC,イタリア同盟戦,イタリア同盟市戦争（～88BC）。スラが鎮圧に当たる。イタリア全土にローマ市民権拡大。,41.9028,12.4964,none
,88BC-63BC,ミトリダテス戦,小アジア、ポントス王とローマのミトリダテス戦争。スラ、ポンペイウス鎮圧に当たる。,39.9042,116.4074,none
,87BC,漢武帝死去,漢の武帝が死去。,39.9042,116.4074,none
-100,82BC,スラ独裁開始,ローマでスラが独裁官となる。,41.9028,12.4964,none
,75BC,サータヴァーハナ朝,インドのサータヴァーハナ朝、デカン高原西部を抑える。,16.3504,78.5187,none
-100,73BC-71BC,スパルタクス反乱,スパルタクスの反乱起きる。剣闘士奴隷の反抗、全ローマの奴隷反乱に広がる。,41.9028,12.4964,none
,64BC,シリア滅亡,ポンペイウス、東方遠征、セレウコス朝シリア滅亡。,36.2115,37.1327,none
,63BC,ハスモン朝降伏,ユダヤのハスモン朝、ローマに敗れ、パレスチナがローマの支配を受ける。,31.7683,35.2137,none
,63BC,キケロ陰謀暴露,キケロがコンスルに就任。カティリーナ陰謀事件を暴く。,41.9028,12.4964,none
,60BC,匈奴東西分裂,匈奴の内紛始まる。匈奴の東西分裂。,39.9042,116.4074,none
-100,60BC-49BC,第1三頭政治,第１回三頭政治。ポンペイウス、クラッスス、カエサル。,41.9028,12.4964,none
,59BC,西域都護設置,漢が西域都護を置く。,39.9042,116.4074,none
-100,58BC-51BC,カエサル遠征開始,カエサル、ガリア遠征に出発。『ガリア戦記』,41.9028,12.4964,none
,55BC,初のブリテン島,カエサル、はじめてブリテン島に渡る。,51.5074,-0.1278,none
,54BC,匈奴が降伏,この頃匈奴の呼韓邪単于、漢に降る。東匈奴。,39.9042,116.4074,none
,53BC,クラッスス戦死,クラッスス、パルティアとのカルラエの戦いで戦死。,37.4467,46.3405,none
,52BC,ガリア反乱鎮圧,カエサル、ガリアの反乱を鎮圧。,41.9028,12.4964,none
-100,49BC,ルビコン越え,カエサル、ルビコンを渡り、ローマに進軍。,41.9028,12.4964,none
,48BC,アレクサンドリア炎上,カエサル、アレクサンドリアを焼き討ち。ムセイオン焼け落ちる。,31.2156,29.9553,none
,47BC,クレオパトラ即位,クレオパトラ(7世)、プトレマイオス朝エジプトの女王となる。,29.9244,31.2001,none
,46BC,カエサル凱旋,カエサル、ローマに凱旋、10年任期の独裁官となる。,41.9028,12.4964,none
,45BC,ユリウス暦制定,カエサル、ユリウス暦を制定。,41.9028,12.4964,none
-100,44BC,カエサル暗殺,カエサル、終身の独裁官となるも、ブルートゥスらによって暗殺される。,41.9028,12.4964,none
,43BC-32BC,第2三頭政治,第２回三頭政治。アントニウス、レピドゥス、オクタウィアヌス,41.9028,12.4964,none
,43BC,キケロ殺害,キケロ、アントニウスによって殺害される。,41.9028,12.4964,none
,37BC,ヘロデ王支配,ヘロデ王がユダヤを支配。,31.7683,35.2137,none
,36BC,西匈奴滅亡,西匈奴、漢の西域都護によって滅ぼされる。,39.9042,116.4074,none
-100,31BC,アクティウム海戦,アクティウムの海戦で、オクタウィアヌスがアントニウスとクレオパトラの連合軍を破る。,41.9028,12.4964,none
-100,30BC,エジプト滅亡,プトレマイオス朝エジプトの滅亡。ローマの地中海世界支配。,29.9244,31.2001,none
,27BC,アウグストゥス即位,オクタヴィアヌス、アウグストゥスとなる。ローマ帝国の初代皇帝として即位し、帝政に移行,41.9028,12.4964,none
,19BC,ウェルギリウス没,ウェルギリウス没。,41.9028,12.4964,none
,8BC,ホラティウス没,ホラティウス没。,41.9028,12.4964,none
,7BC,限田策実施,漢の哀帝、限田策を実施。,39.9042,116.4074,none
-100,7BC,イエス誕生説,イエスが生まれる。（諸説あり）,31.7683,35.2137,none
-100,前1世紀,アクスム王国成立,この頃までにエチオピアにアクスム王国が成立。,15.3218,38.7269,none
-100,前1世紀,扶南成立始まる,末頃、インドシナ半島南部に扶南成立。東南アジアのインド化始まる。,10.7264,104.9225,none
,6,パレスチナ属州化,ローマ、パレスチナを属州とする。,31.7683,35.2137,none
,8,王莽、新を建国,外戚の王莽、帝位を奪い新を建てる。,39.9042,116.4074,none
,8,オウィディウス追放,オウィディウス、ローマから追放される。,41.9028,12.4964,none
,9,トイトブルク敗戦,ローマ軍、トイトブルクの戦いでゲルマン軍に敗れる。,51.1333,9.95,none
100,14,アウグストゥス死去,アウグストゥス死去。ティベリウスが二代皇帝に。,41.9028,12.4964,none
,18,赤眉の乱勃発,赤眉の乱起こる。～27,34.3775,108.9396,none
100,25,光武帝、後漢建国,劉秀が即位して光武帝となり後漢を建てる。都洛陽,34.6833,112.4333,none
,30,イエス処刑,イエス、処刑される。,31.7683,35.2137,none
,40,徴姉妹の反乱,ベトナムで徴姉妹の反乱起こる。,14.0583,108.2772,none
,41,カリグラ暗殺,ローマ皇帝カリグラ（即位37年）、殺害される。,41.9028,12.4964,none
,43,ブリタニア属州化,ローマ、ブリテン島を征服。属州ブリタニアとする。,51.5074,-0.1278,none
,48,南匈奴降伏,南匈奴が漢に降る。,41.0022,87.5535,none
,51,パウロ伝道,パウロ、ローマ帝国でキリスト教伝道。,41.9028,12.4964,none
100,57,奴国王、金印授かる,倭人の奴国王、後漢の光武帝に遣使。金印を授かる。,35.6895,139.6917,none
100,1世紀中頃,クシャーナ朝成立,北インドにクシャーナ朝が成立。都プルシャプラ。,34.0333,73.0333,none
,1世紀,季節風貿易繁盛,中頃、インド、ローマ間の季節風貿易さかんになる。『エリュトゥラー海案内記』が編まれる。,26.9124,75.7873,none
,60,ブリタニア暴動,ブリタニアで反ローマ暴動。,51.5074,-0.1278,none
,64,ペテロ殉教,ネロ、ローマの大火を口実にキリスト教徒を迫害。ペテロらが殉教。,41.9028,12.4964,none
,65,セネカ自殺,哲学者セネカ、ネロ帝に死を命じられ自殺。,41.9028,12.4964,none
100,66,ユダヤ戦争開始,ユダヤ戦争始まる（～74）。ユダヤ人の離散始まる。,31.7683,35.2137,none
,68,ネロ自殺,ネロ帝、自殺する。,41.9028,12.4964,none
,69,ウェスパシアヌス即位,ローマ皇帝ウェスパシアヌス。～79,41.9028,12.4964,none
,70,イェルサレム破壊,ローマ軍、イェルサレムを破壊。,31.7683,35.2137,none
100,73,班超、西域遠征,後漢の班超が西域に遠征。,35.8625,104.1954,none
,79,ポンペイ埋没,ポンペイ、ヴェスヴィオ火山噴火で埋没。プリニウス被災。,40.7497,14.486,none
,80,コロッセウム完成,ティトウス帝の時、ローマのコロッセウム完成する。,41.9028,12.4964,none
,82,『漢書』完成,班固の『漢書』がこの頃完成。,34.6833,112.4333,none
,91,班超西域都護就任,後漢、班超を西域都護に任命。,35.8625,104.1954,none
100,96-180,五賢帝時代,ローマ帝国、五賢帝の時代。,41.9028,12.4964,none
,96,ネルウァ皇帝即位,ネルウァ皇帝となる（～98）。,41.9028,12.4964,none
,97,甘英、西方派遣,後漢の甘英を西方に派遣。安息国を通り、条支国に達する。,34.6833,112.4333,none
,98,トラヤヌス時代繁栄,トラヤヌス帝。ローマ帝国領、最大となる。～117,41.9028,12.4964,none
,98,タキトゥス没,タキトゥス没、『ゲルマニア』刊行。,41.9028,12.4964,none
100,1世紀,東南アジア交易,この頃東南アジア、ローマと交易。扶南のオケオ遺跡,13.4085,103.8176,none
100,1世紀,大乗仏教起こる,インドで大乗仏教が起こる。仏像が作られるようになる。,20.5937,78.9629,none
,1-3世紀,ガンダーラ美術,北インドのガンダーラで仏教美術栄える。,34,73,none
200,101,トラヤヌス遠征,トラヤヌス、ダキア遠征を開始（～106）。属州とする。,45.9432,24.9668,none
200,105,蔡倫、紙を作る,後漢の蔡倫が紙を作ったとされる（後漢書）。,34.6833,112.4333,none
200,106-130,サータヴァーハナ朝繁栄,デカン高原のサータヴァーハナ朝、都プラティシュターナ。クシャーナ朝と対抗。,18.5204,73.8567,none
,107,倭国、朝貢,倭国王の帥升、生口１６０人を後漢に朝貢。,35.6895,139.6917,none
,114,トラヤヌス東遠征,トラヤヌスの東方遠征開始（～117年）。パルティアからアルメニア・メソポタミアを奪う。,41.9028,12.4964,none
200,117,ハドリアヌス即位,ローマ帝国、ハドリアヌス帝が即位（～138）。,41.9028,12.4964,none
,118,パンテオン再建,ハドリアヌス帝、ローマのパンテオンの再建に着手。,41.9028,12.4964,none
200,121,『説文解字』完成,中国最古の字典『説文解字』、この頃完成。,34.6833,112.4333,none
,122,ハドリアヌス長城,ハドリアヌス帝、ブリタニアに長城を築く。,51.5074,-0.1278,none
200,130-170,カニシカ王全盛,北西インドのクシャーナ朝、カニシカ王の許で全盛期に。,34,73,none
200,131-135,第２次ユダヤ戦争,ハドリアヌス、第２次ユダヤ戦争。,51.5074,-0.1278,none
200,138,アントニヌス即位,ローマ、アントニヌス＝ピウス帝（～161）。,41.9028,12.4964,none
,2世紀,ナーガールジュナ理論,中頃　クシャーナ朝でナーガールジュナが大乗仏教理論を大成。,34,73,none
200,161,アウレリウス即位,マルクス＝アウレリウス＝アントニヌスが即位（～180）。『自省録』を著す。,41.9028,12.4964,none
,166,大秦王安敦来訪,大秦王安敦（ローマ皇帝か）の使者、日南郡に来る。,21.2969,111.4693,none
,166,党錮の禁発生,後漢で宦官と党人（官僚）の争い激化し党錮の禁が起こる。,34.6833,112.4333,none
,169,第２次党錮の禁,後漢で第二次党錮の禁起こる。,34.6833,112.4333,none
,180,アウレリウス陣没,マルクス＝アウレリウス＝アントニヌス、ゲルマン人と戦い、ウィンドボナ付近で陣没。,48.2082,16.3733,none
200,184,黄巾の乱勃発,後漢で黄巾の乱起こる。,34.6833,112.4333,none
,189,後漢滅亡へ,後漢の霊帝死去。後漢、滅亡に向かう。,34.6833,112.4333,none
,192,チャンパー独立,チャム人が後漢から独立。後にチャンパー王国となる。,14.1724,108.2076,none
,196,曹操、屯田制,曹操が後漢の献帝を保護。屯田制をしく。,34.7361,113.0293,none
200,200,『マヌ法典』成立,この頃までにインドで『マヌ法典』が作られる。,20.5937,78.9629,none
,205,帯方郡設置,遼東太守公孫氏、楽浪郡の南を割いて帯方郡を置く。,39.9097,124.3487,none
,207,劉備、諸葛迎える,劉備、諸葛孔明を三顧の礼で迎える。,30.5728,104.0668,none
,208,赤壁の戦い,赤壁の戦い。曹操と孫権・劉備連合軍の戦い。天下三分の形勢となる。,29.8335,113.0515,none
300,209,高句麗建国へ,高句麗、丸都城を築く（実質的な建国）。,41.744,126.438,none
300,212,アントニヌス勅令,カラカラ帝、アントニヌス勅令を制定。万民法,41.9028,12.4964,none
,216,マニの誕生,イランでマニが生まれる。,32.6546,51.6689,none
300,216,曹操、魏王就任,曹操、魏王となる。,34.7986,113.6496,none
300,216,ローマ浴場建設,カラカラ帝、ローマに大公共浴場を建設。,41.884,12.503,none
300,220,後漢滅亡,後漢の滅亡。献帝から禅譲を受け曹丕（文帝）即位。魏の建国。九品中正制を実施。三国時代始まる,34,112,none
,221,蜀漢の成立,劉備が蜀（蜀漢）を建てる。都は成都。,30.5728,104.0668,none
,222,呉王孫権即位,孫権が呉王となる。,32.0603,118.7969,none
300,226,ササン朝建国,アルデシール１世、ササン朝ペルシアを建国。ゾロアスター教を国教とする。,29.61,52.531,none
300,229,孫権、皇帝即位,呉王孫権が帝を称し、建業で即位。,32.0603,118.7969,none
,234,孔明、五丈原陣没,五丈原で諸葛孔明、魏に敗れ陣没。,34.2858,108.946,none
,235,軍人皇帝時代,ローマ帝国の軍人皇帝時代はじまる（～285年）。,41.9028,12.4964,none
,239,卑弥呼、魏に遣使,邪馬台国の女王卑弥呼、魏に遣使。親魏倭王となる。,33.5,130.5,none
300,249,司馬懿台頭,司馬懿、魏の実権を握る。このころから竹林の七賢の活動始まる。,30,120,none
,260,シャープールの勝利,ササン朝のシャープール１世、エデッサの戦いでローマ皇帝ウァレリアヌスを捕らえる。,,,none
,263,魏、蜀を滅ぼす,魏が蜀を滅ぼす。,30.5728,104.0668,none
300,265,晋の成立,司馬炎が、魏の帝位を奪い晋を建てる（武帝）。,34.7986,113.6496,none
,272,パルミラ滅亡,アウレリアヌス帝、パルミラを滅ぼす。,34.5553,38.2759,none
,277,マニの死去,マニが死去。,32.6546,51.6689,none
300,280,晋、中国統一,晋が呉を滅ぼし、中国を統一。,32.0603,118.7969,none
,284,ディオクレティアヌス即位,ディオクレティアヌス帝即位。,41.9028,12.4964,none
,290,八王の乱開始,晋王室の内紛始まる（八王の乱）。,34.7986,113.6496,none
,293,四分統治採用,ディオクレティアヌス、四分統治を採用。,41.9028,12.4964,none
,300,趙王が帝位奪取,晋で趙王が帝位を奪う。八王の乱が激化（～306）。異民族の中原への進出始まる。,,,none
,3世紀,チャンパー国成立,チャム人のインド化進み、チャンパー国となる。,11.9416,108.4563,none
400,301,アルメニア教会国教,アルメニア、単性説のアルメニア教会を国教とする。,40.0691,45.0382,none
,303,キリスト教迫害,ディオクレティアヌス、最後のキリスト教徒の迫害。,41.9028,12.4964,none
400,304,匈奴、前趙を建国,匈奴の劉淵が漢（前趙）を建国。五胡十六国時代始まる。,39.8255,101.9818,none
,306,コンスタンティヌス即位,コンスタンティヌス帝が即位（～337）。,41.9028,12.4964,none
,310,仏図澄、洛陽入る,インド僧仏図澄、洛陽に入る。,34.7466,112.4311,none
,311,永嘉の乱発生,永嘉の乱。匈奴が晋の都洛陽を占領。,34.7466,112.4311,none
400,312,コンスタンティヌス凱旋,コンスタンティヌス、ローマに入城。凱旋門建設。,41.9028,12.4964,none
400,313,楽浪郡滅亡,高句麗が楽浪郡を滅ぼす。,40.1417,124.2578,none
,313,ミラノ勅令公布,コンスタンティヌス大帝、ミラノ勅令でキリスト教を公認。,45.4668,9.1905,none
,314,帯方郡滅亡,高句麗が帯方郡を滅ぼす。,40.1417,124.2578,none
400,316,晋、西晋滅亡,晋（西晋）が匈奴の族長劉曜に降伏し、滅亡。,34.7466,112.4311,none
,317,東晋が建国,司馬睿、建康を都に東晋を建国。,32.0617,118.7778,none
400,320,グプタ朝成立,チャンドラグプタ１世、グプタ朝を創始。インドのグプタ紀元始まる。,25.5941,85.1376,none
,324,ローマ帝国統一,コンスタンティヌス大帝、共同統治のリキニウス帝を倒し、ローマ帝国を再統一。,41.9028,12.4964,none
,325,ニケーア公会議,ニケーア公会議、アタナシウス派を正統、アリウス派を異端とする。,41.9028,12.4964,none
400,330,遷都コンスタンティノープル,ローマ帝国、コンスタンティノポリスに遷都。,41.0082,28.9784,none
,332,コロヌス土地緊縛令,コンスタンティヌス大帝、コロヌスの土地緊縛令を出す。,41.9028,12.4964,none
,350,メロエ王国滅亡,メロエ王国がアクスム王国に滅ぼされる。,14.1827,38.8123,none
400,351,前秦、長安に建国,?の苻健、長安で前秦を建国。,34.7466,112.4311,none
,353,王羲之の蘭亭序,王羲之、蘭亭序を書く。,34.7476,112.4315,none
,361,ユリアヌス帝即位,ユリアヌス帝即位（～363）。同年、宗教寛容令を出し、キリスト教公認を取り消す。,41.9028,12.4964,none
,372,高句麗に仏教伝来,高句麗に仏教が伝わる。,40.1417,124.2578,none
,376,西ゴート大移動,西ゴート人、ドナウ川を越え、ローマに侵入。ゲルマン人の大移動始まる。,44.4166,28.2333,none
,378,アドリアノープル敗戦,ヴァレンス帝、アドリアノープルの戦いで西ゴート人と戦い敗れる。,41.0082,28.9784,none
400,380,キリスト教国教化,テオドシウス帝、キリスト教の国教化を定める。,41.9028,12.4964,none
,381,三位一体説正統化,テオドシウス帝、コンスタンティノープル公会議で三位一体説を正統とする。,41.0082,28.9784,none
,383,?水の戦い敗北,前秦の苻堅、?水の戦いで東晋に敗れる。,34.7466,112.4311,none
,384,百済に仏教伝来,百済に仏教が伝わる。,35.1412,128.0425,none
,386,北魏が建国,鮮卑の拓跋氏、北魏を建国。都は平城(398から)。,38.4144,110.9686,none
,392,新約聖書成立,キリスト教の新約聖書ほぼまとまる。,41.9028,12.4964,none
,392,異教禁止令発令,テオドシウス、異教禁止令を出しキリスト教を唯一の国教とする。,41.9028,12.4964,none
,393,古代オリンピック終了,ギリシアの古代オリンピック、この年で終わる。,37.9838,23.7275,none
,395,ローマ帝国東西分裂,テオドシウスの死によりローマ帝国、東西に分割。,41.9028,12.4964,none
,395,東ローマ帝国誕生,東ローマ帝国成立。,41.0082,28.9784,none
,396,広開土王の勝利,高句麗の広開土王、百済・倭を破る。,40.1417,124.2578,none
500,400,アウグスティヌス『告白』著す,アウグスティヌス、『告白』を著す。,41.9028,12.4964,none
500,401,鳩摩羅什、長安で経典翻訳,インド僧鳩摩羅什、長安に入る。,34.7466,112.4311,none
,402,法顕、インドで仏教収集,東晋の僧法顕がインドに滞在（～411）。,34.7466,112.4311,none
,406,ゲルマン人、ライン川渡河,ヴァンダル人などのゲルマン人諸部族がライン川を渡河。,49.6117,9.7625,none
500,409,西ローマ帝国、ブリテン放棄、ローマの支配は終結,西ローマ帝国、ブリテン島を放棄。,50.7574,-3.5123,none
,410,西ゴート、ローマ掠奪,西ゴート人のアラリックのローマ掠奪。,41.9028,12.4964,none
,414,広開土王碑、長寿王治世,高句麗の長寿王、広開土王碑を建てる。,40.1417,124.2578,none
,415,西ゴート、イベリア半島進出,西ゴート人、イベリア半島に入る。,40.4637,-3.7492,none
500,418,西ゴート王国、トロサ建国,西ゴート人、西ゴート王国を建国。都トロサ。,40.6371,-3.7415,none
,420,東晋滅び、宋王朝成立,東晋から禅譲を受けた劉裕、武帝として即位し、江南に宋を建国。,32.0617,118.7778,none
500,420,中国、南北朝時代始まる,中国、南北朝時代となる。,32.0617,118.7778,none
,421,倭の五王、宋に遣使,倭の五王の最初、讃が南朝の宋に遣使。,35.6716,139.7656,none
,426,アウグスティヌス『神の国』完成,アウグスティヌス、『神の国』を完成。,41.9028,12.4964,none
500,430,ヴァンダル人、アフリカ進出,ヴァンダル人のガイセリック、アフリカに入りヒッポでローマ軍を破る。,37.5377,-0.0834,none
500,431,エフェソス公会議、ネストリウス派異端,東ローマ皇帝が召集したエフェソス公会議でネストリウス派を異端とする。,41.0082,28.9784,none
,439,北魏、華北統一し五胡終結,北魏の太武帝、華北を統一。五胡十六国が終わる。,37.5651,105.4543,none
500,442,北魏、道教を国教化,北魏の太武帝、寇謙之の説く新天師道を信じ、道教を国教とする。,37.5651,105.4543,none
,446,北魏、廃仏と仏教弾圧開始,北魏の太武帝、廃仏を行う。三武一宗の法難の始まり。,37.5651,105.4543,none
,450,ナーランダー僧院設立,インドの仏教学院、ナーランダー僧院が創設される。,25.5941,85.1376,none
,451,アッティラ王、カタラウヌム戦敗北,フン人のアッティラ大王のヨーロッパ侵入。カタラウヌムの戦いで敗れる。,45.298,4.477,none
500,451,カルケドン公会議、単性説異端,カルケドン公会議、単性説を異端とする。,41.0082,28.9784,none
,452,アッティラ、ローマ侵入撤退,アッティラ大王、ローマに侵入。ローマ教皇レオ１世による説得で撤退。,41.9028,12.4964,none
,455,ヴァンダル、ローマ再掠奪,ヴァンダル人のガイセリック、ローマ掠奪。,41.9028,12.4964,none
,460,雲崗石窟、仏教芸術発展,北魏で雲崗の石窟寺院、開削始まる。,40.013,113.4813,none
,471,北魏、孝文帝即位,北魏の孝文帝即位。,37.5651,105.4543,none
,474,ヴァンダル、地中海支配拡大,ヴァンダル王国のガイセリック、アフリカ・シチリアその他の地中海諸島を領有。,37.5377,-0.0834,none
500,475,西ゴート、スペイン領有,西ゴート人のスペイン領有、ブルグンド人などのガリア分割。,40.4637,-3.7492,none
500,476,西ローマ、オドアケルに滅ぶ,オドアケルによって西ローマ帝国滅ぼされる。,41.9028,12.4964,none
,478,倭の五王、宋への外交終結,倭の五王と南朝宋との外交関係の終結,35.6716,139.7656,none
,479,南朝、宋から斉成立,南朝斉の成立,32.0617,118.7778,none
,481,クローヴィス、メロヴィング朝創始,フランク王国のメロヴィング朝創始,49.6117,6.13,none
,484,エフタル、ササン朝を破る,エフタルのササン朝破壊,33.6883,53.5256,none
,485,北魏、均田制を実施,均田制の実施と土地制度改革,37.5651,105.4543,none
,486,北魏、三長制改革,三長制の実施と行政改革,37.5651,105.4543,none
,493,東ゴート王国、オドアケル滅ぼす,東ゴート王国の建国とオドアケルの滅亡,41.9028,12.4964,none
,494,北魏、洛陽遷都と漢化政策,洛陽遷都と漢化政策、竜門石窟の開削,37.5651,105.4543,none
,496,クローヴィス、キリスト教に改宗,クローヴィスの改宗とメロヴィング朝のキリスト教化,49.6117,6.13,none
,5世紀,グプタ様式、仏像彫刻発展,グプタ様式の仏像彫刻の発展,25.5941,85.1376,none
,5世紀,アジャンター石窟寺院発展,アジャンター石窟寺院の発展,20.5317,75.7046,none
